{"reggae": 0.7244722140282908, "disco": 0.9316834969908216, "rock": 0.7290750353307297, "jazz": 0.5299520457485332, "metal": 0.8000309313551008, "blues": 0.5399146475343474, "pop": 0.29495958358536795, "classical": 0.825765594184361, "hiphop": 0.8706542511947796, "country": 0.4746100487323625}