{"train_loss": [0.29502830779311634, 0.25883112462482066, 0.23954273624853653, 0.22801053891278278, 0.217366652717494, 0.20816728200274284, 0.19658643779429522, 0.18783116098305191, 0.17889163495615276, 0.16981941846886067, 0.16103571367384206, 0.15407965244969937, 0.14756039591750714, 0.13897029612251002, 0.13207690432065666, 0.12562376869597822, 0.11807627398708855, 0.11472010463476182, 0.10991192455544616, 0.10557809365217131, 0.09814735059861583, 0.09419001357046643, 0.0887001346608605, 0.08400802365833461, 0.08081069832122086, 0.07614587690831735, 0.07190422721282401, 0.06981664151705877, 0.06399258126627014, 0.06060473065108362, 0.05646497192745558, 0.05296680782968649, 0.050590096256987314, 0.04756438634123164, 0.04399824993064006, 0.04217728100002113, 0.03949450794607401, 0.03650544485208964, 0.033092348683023395, 0.03073505800066873], "train_accu": [0.28025252525252525, 0.39184343434343394, 0.44601010101010113, 0.47936868686868717, 0.5132828282828286, 0.5355303030303032, 0.5631565656565652, 0.5953787878787873, 0.6155808080808077, 0.6360101010101011, 0.6611111111111112, 0.6787373737373734, 0.6939393939393947, 0.7177020202020206, 0.7261363636363642, 0.7477020202020201, 0.7631313131313134, 0.7736363636363641, 0.7823232323232324, 0.7930050505050509, 0.8077272727272731, 0.8176515151515154, 0.8297222222222228, 0.8416919191919191, 0.8477272727272733, 0.8583585858585856, 0.8662373737373729, 0.870429292929292, 0.8837878787878769, 0.8888888888888874, 0.8986616161616144, 0.9084343434343405, 0.9109090909090894, 0.9193434343434316, 0.9250252525252493, 0.9301767676767645, 0.9332070707070674, 0.9424999999999962, 0.9459343434343394, 0.9524242424242376], "valid_loss": [0.25342675010042803, 0.22277318037325336, 0.20688066054736415, 0.19471625671271356, 0.18486716045487311, 0.17540943262077147, 0.16621081302723578, 0.15744509680136556, 0.14859305622596894, 0.14091895388499384, 0.1363235436860592, 0.12675452484719216, 0.1215086895371637, 0.11461241795651374, 0.11174846951278948, 0.10860964355449523, 0.10281591345706294, 0.10262568649505416, 0.09972193104124838, 0.09455428861321942, 0.09480341151356697, 0.08873073143824455, 0.08429922049324359, 0.08387502769549046, 0.08403624984766206, 0.08567457679178446, 0.0828737338043509, 0.0780004448587856, 0.07457719112355862, 0.07503180836717929, 0.07807611430724783, 0.07251081871049057, 0.07188844596666674, 0.0824952395632863, 0.07489069545220944, 0.0762226605006764, 0.06622871295398762, 0.06890579679560277, 0.06424889952364948, 0.06669445834573239], "valid_accu": [0.4067836812144212, 0.49321631878557864, 0.5496679316888046, 0.5778937381404172, 0.6102941176470587, 0.6377134724857684, 0.657874762808349, 0.680597722960152, 0.6975332068311196, 0.7244307400379506, 0.7210626185958255, 0.7566888045540795, 0.7629981024667931, 0.7800759013282734, 0.7792694497153702, 0.7888045540796966, 0.7898956356736243, 0.7963472485768499, 0.7955407969639469, 0.8116698292220113, 0.8092504743833018, 0.8269924098671726, 0.8319734345351043, 0.831831119544592, 0.8305028462998103, 0.8256641366223908, 0.8368121442125237, 0.8400379506641363, 0.8593927893738139, 0.8464895635673625, 0.8498576850094876, 0.8571157495256166, 0.858586337760911, 0.8313092979127134, 0.8490512333965844, 0.8529411764705883, 0.8740512333965845, 0.8731024667931689, 0.8748576850094877, 0.8780834914611007]}